{"cameraMode":{"drawMode":0,"name":"Shaded","section":"Shading Mode"},"sceneLighting":false,"audioPlay":false,"sceneViewState":{"m_AlwaysRefresh":false,"showFog":false,"showSkybox":false,"showFlares":false,"showImageEffects":false,"showParticleSystems":false,"showVisualEffectGraphs":true,"m_FxEnabled":true},"in2DMode":false,"pivot":{"x":16.595863342285158,"y":-15.064443588256836,"z":23.80852699279785},"rotation":{"x":0.28837549686431887,"y":0.16834914684295655,"z":-0.05158117786049843,"w":0.9412000775337219},"size":31.046363830566408,"orthographic":false}