{"cameraMode":{"drawMode":0,"name":"Shaded","section":"Shading Mode"},"sceneLighting":false,"audioPlay":false,"sceneViewState":{"m_AlwaysRefresh":false,"showFog":false,"showSkybox":false,"showFlares":false,"showImageEffects":false,"showParticleSystems":false,"showVisualEffectGraphs":true,"m_FxEnabled":true},"in2DMode":false,"pivot":{"x":-1.5629997253417969,"y":-9.64626693725586,"z":30.271272659301759},"rotation":{"x":0.2438284307718277,"y":-0.002914657350629568,"z":0.0007319111609831452,"w":0.9698247909545898},"size":31.046363830566408,"orthographic":false}